Nome;Sobrenome;NomeCompleto;NomeUsuario;Email;Senha;Administrador;CPF;Telefone;RazaoSocial;CNPJ;Endereco;NumeroEndereco;Cidade;Estado;CEP;Pais;NumeroCartao;ValidadeCartao;NomeProduto;Preco;DescricaoProduto;Quantidade;NomeCategoria;DescricaoCategoria;TituloArtigo;ConteudoArtigo;NomeAutor;DataPublicacao;ID_USUARIO;STATUS_CADASTRO
="Alverta";="Zemlak";="Alverta Zemlak";="alverta.zemlak";="zemlak.alverta@bol.com.br";="ZemAl40";="true";="31025785940";="12672676320";="Alverta Zemlak LTDA";="23388324000144";="Kassandra Points";="7183";="Lethaton";="Minnesota";="06691351";="Philippines";="6011856029115408";="03/28";="Monitor 4K Veloz";="3149.40";="Um excelente monitor 4k veloz da categoria Redes e Conectividade, ideal para suas necessidades.";="62";="Redes e Conectividade";="Descricao para a categoria Redes e Conectividade";="A Incrivel Jornada ate Buracos Negros";="Uma analise sobre o tema A Incrivel Jornada ate Buracos Negros. Exploramos a relevancia de Buracos Negros para a area de Universo e Astronomia.";="Alverta Zemlak";="2025-08-15T19:37:03.873Z";"=""a3b43ac5-da58-4d7f-98bf-30e0ad0a1d30""";"=""Cadastrado com sucesso"""
="Ansel";="Satterfield";="Ansel Satterfield";="ansel.satterfield";="satterfield.ansel@gmail.com";="SatAn92";="true";="77170166992";="18485214497";="Ansel Satterfield LTDA";="13685415000198";="Darryl Parkways";="9646";="North Jodymouth";="Massachusetts";="54115783";="Bahrain";="4916110930022209";="02/27";="Smartphone Resistente";="1133.85";="Um excelente smartphone resistente da categoria Hardware, ideal para suas necessidades.";="100";="Hardware";="Descricao para a categoria Hardware";="Uma Introducao a Genetica";="Introducao ao topico Uma Introducao a Genetica. Discutimos os conceitos basicos de Genetica aplicados a Ciencia e Fisica.";="Ansel Satterfield";="2025-08-15T19:37:04.948Z";"=""4f78b228-00b8-4d8d-8793-e60d8cbaa064""";"=""Cadastrado com sucesso"""
="Kelly";="Nikolaus";="Kelly Nikolaus";="kelly.nikolaus";="nikolaus.kelly@hotmail.com";="NikKe60";="true";="04527513060";="15514968721";="Kelly Nikolaus LTDA";="43010952000107";="Buckridge Shoal";="9523";="Monserratstad";="Rhode Island";="01292362";="Guam";="6011631113731273";="08/28";="Memoria RAM Ultra-fino";="3246.92";="Um excelente memoria ram ultra-fino da categoria Componentes, ideal para suas necessidades.";="60";="Componentes";="Descricao para a categoria Componentes";="A Receita Perfeita de Comida Vegana";="Uma analise sobre o tema A Receita Perfeita de Comida Vegana. Exploramos a relevancia de Comida Vegana para a area de Gastronomia e Culinaria.";="Kelly Nikolaus";="2025-08-15T19:37:05.933Z";"=""03d4a408-c358-4778-9080-4427b390f3c7""";"=""Cadastrado com sucesso"""
="Donald";="Botsford";="Donald Botsford";="donald.botsford";="botsford.donald@aol.com";="BotDo13";="true";="79987261213";="19593463061";="Donald Botsford LTDA";="50041885000145";="Ross Springs";="60376";="West Tess";="Tennessee";="58396211";="Somalia";="4485752944884651";="04/28";="Camera Digital Conectado";="626.84";="Um excelente camera digital conectado da categoria Impressao, ideal para suas necessidades.";="24";="Impressao";="Descricao para a categoria Impressao";="A Busca por Materia Escura";="Este e um artigo sobre A Busca por Materia Escura. O foco principal e em Materia Escura no campo da Universo e Astronomia.";="Donald Botsford";="2025-08-15T19:37:06.949Z";"=""0d6827dc-543f-4856-951e-7b15f7f5e870""";"=""Cadastrado com sucesso"""
="Valentine";="Becker";="Valentine Becker";="valentine.becker";="becker.valentine@msn.com";="BecVa03";="true";="97842417903";="14253934323";="Valentine Becker LTDA";="21882932000185";="Paucek Greens";="88474";="Mrazton";="Ohio";="78530486";="Nepal";="2689401287242394";="02/26";="SSD Externo Veloz";="4469.92";="Um excelente ssd externo veloz da categoria Dispositivos Moveis, ideal para suas necessidades.";="69";="Dispositivos Moveis";="Descricao para a categoria Dispositivos Moveis";="Otimizando Performance com APIs REST";="Este e um artigo sobre Otimizando Performance com APIs REST. O foco principal e em APIs REST no campo da Programacao.";="Valentine Becker";="2025-08-15T19:37:08.009Z";"=""38758140-89be-40e7-b39c-bbd0108b61af""";"=""Cadastrado com sucesso"""
="Yadira";="Schaefer";="Yadira Schaefer";="yadira.schaefer";="schaefer.yadira@live.com";="SchYa50";="true";="50856892750";="13526565257";="Yadira Schaefer LTDA";="05112973000136";="Ebba Court";="4842";="East Esteban";="Hawaii";="78211381";="Nigeria";="4916778591038761";="10/25";="Cadeira Gamer Conectado";="589.04";="Um excelente cadeira gamer conectado da categoria Impressao, ideal para suas necessidades.";="2";="Impressao";="Descricao para a categoria Impressao";="Os Limites do Conhecimento em Neurociencia";="Este e um artigo sobre Os Limites do Conhecimento em Neurociencia. O foco principal e em Neurociencia no campo da Ciencia e Fisica.";="Yadira Schaefer";="2025-08-15T19:37:08.959Z";"=""80d9a7f4-460b-4b71-b92a-b21407e21c5d""";"=""Cadastrado com sucesso"""
="Taylor";="Jenkins";="Taylor Jenkins";="taylor.jenkins";="jenkins.taylor@ig.com.br";="JenTa04";="true";="72910356604";="16297438879";="Taylor Jenkins LTDA";="04089601000173";="Skiles Prairie";="75237";="West Lorenza";="Minnesota";="09334409";="Iran";="3589433246117317";="09/25";="Oculos de Realidade Virtual Profissional";="2264.82";="Um excelente oculos de realidade virtual profissional da categoria Dispositivos Moveis, ideal para suas necessidades.";="92";="Dispositivos Moveis";="Descricao para a categoria Dispositivos Moveis";="Como Inteligencia Artificial Esta Moldando o Mundo";="Introducao ao topico Como Inteligencia Artificial Esta Moldando o Mundo. Discutimos os conceitos basicos de Inteligencia Artificial aplicados a Tecnologia.";="Taylor Jenkins";="2025-08-15T19:37:09.927Z";"=""2d435933-756d-43f4-b491-b4750fb82ecc""";"=""Cadastrado com sucesso"""
="Garett";="Cummerata";="Garett Cummerata";="garett.cummerata";="cummerata.garett@uol.com.br";="CumGa56";="true";="24441703856";="14428562802";="Garett Cummerata LTDA";="91616419000128";="Feil Station";="373";="North Deonborough";="Massachusetts";="01495665";="Egypt";="4485955577399";="03/28";="Projetor HD Inteligente";="2629.05";="Um excelente projetor hd inteligente da categoria Fotografia, ideal para suas necessidades.";="90";="Fotografia";="Descricao para a categoria Fotografia";="O Impacto do Desmatamento no Planeta";="Este e um artigo sobre O Impacto do Desmatamento no Planeta. O foco principal e em Desmatamento no campo da Meio Ambiente.";="Garett Cummerata";="2025-08-15T19:37:10.931Z";"=""e9d4b324-ba2b-484e-afb6-7afb0053aac4""";"=""Cadastrado com sucesso"""
="Destin";="Becker";="Destin Becker";="destin.becker";="becker.destin@live.com";="BecDe38";="true";="22039470638";="17739858977";="Destin Becker LTDA";="11986639000104";="Einar Islands";="83494";="North Earnest";="Florida";="37603217";="Czech Republic";="2674866605089957";="03/28";="Oculos de Realidade Virtual Profissional";="4438.65";="Um excelente oculos de realidade virtual profissional da categoria Audio e Video, ideal para suas necessidades.";="87";="Audio e Video";="Descricao para a categoria Audio e Video";="A Busca por Nebulosas";="Este e um artigo sobre A Busca por Nebulosas. O foco principal e em Nebulosas no campo da Universo e Astronomia.";="Destin Becker";="2025-08-15T19:37:11.879Z";"=""839f18e2-9739-416c-b10d-30addc7431ac""";"=""Cadastrado com sucesso"""
="Imogene";="Schinner";="Imogene Schinner";="imogene.schinner";="schinner.imogene@aol.com";="SchIm09";="true";="87344830809";="17813422101";="Imogene Schinner LTDA";="54169105000106";="Libbie Neck";="1120";="Port Zoey";="Maine";="30865632";="Macedonia";="4929667653188";="03/27";="Roteador Wi-Fi 6 Veloz";="1719.69";="Um excelente roteador wi-fi 6 veloz da categoria Fotografia, ideal para suas necessidades.";="16";="Fotografia";="Descricao para a categoria Fotografia";="A Busca por Nebulosas";="Uma analise sobre o tema A Busca por Nebulosas. Exploramos a relevancia de Nebulosas para a area de Universo e Astronomia.";="Imogene Schinner";="2025-08-15T19:37:12.863Z";"=""1359bd7c-72ed-4287-ac1e-32b64bbe9d99""";"=""Cadastrado com sucesso"""
="Sidney";="Roob";="Sidney Roob";="sidney.roob";="roob.sidney@gmx.com";="RooSi21";="true";="85058851121";="12538030937";="Sidney Roob LTDA";="97645075000161";="Jimmy Burgs";="55473";="Halvorsonview";="Georgia";="73237841";="Macao";="2403021949581404";="07/26";="Tablet Veloz";="4118.43";="Um excelente tablet veloz da categoria Perifericos, ideal para suas necessidades.";="25";="Perifericos";="Descricao para a categoria Perifericos";="O Papel da Aprendizagem Hibrida";="Introducao ao topico O Papel da Aprendizagem Hibrida. Discutimos os conceitos basicos de Aprendizagem Hibrida aplicados a Educacao.";="Sidney Roob";="2025-08-15T19:37:13.817Z";"=""2144e070-3a89-4dc2-bf92-3be9e04ac301""";"=""Cadastrado com sucesso"""
="Margaretta";="Hermann";="Margaretta Hermann";="margaretta.hermann";="hermann.margaretta@hotmail.com";="HerMa48";="true";="95498026048";="13346693154";="Margaretta Hermann LTDA";="63040693000166";="Kessler Way";="847";="Leeland";="California";="17611298";="United Kingdom";="2630006711911868";="09/27";="Leitor de E-book Sustentavel";="4400.51";="Um excelente leitor de e-book sustentavel da categoria Perifericos, ideal para suas necessidades.";="78";="Perifericos";="Descricao para a categoria Perifericos";="Alimentacao e Nutricao Funcional";="Introducao ao topico Alimentacao e Nutricao Funcional. Discutimos os conceitos basicos de Nutricao Funcional aplicados a Saude e Bem-Estar.";="Margaretta Hermann";="2025-08-15T19:37:14.773Z";"=""518b4c7d-a356-40bf-bd96-30f0ff3d598d""";"=""Cadastrado com sucesso"""
="Filiberto";="Stark";="Filiberto Stark";="filiberto.stark";="stark.filiberto@msn.com";="StaFi38";="true";="16211143338";="15633122739";="Filiberto Stark LTDA";="94109619000182";="Abraham Fields";="2939";="North Veronicamouth";="New Jersey";="63613865";="France";="341330232799949";="04/28";="Processador Compacto";="333.93";="Um excelente processador compacto da categoria Impressao, ideal para suas necessidades.";="75";="Impressao";="Descricao para a categoria Impressao";="O Impacto do Poluicao Plastica no Planeta";="Este e um artigo sobre O Impacto do Poluicao Plastica no Planeta. O foco principal e em Poluicao Plastica no campo da Meio Ambiente.";="Filiberto Stark";="2025-08-15T19:37:15.727Z";"=""3bf61adf-b545-4a48-b24a-cda5dd676dfe""";"=""Cadastrado com sucesso"""
="Keara";="Christiansen";="Keara Christiansen";="keara.christiansen";="christiansen.keara@zoho.com";="ChrKe22";="true";="18505983122";="15316909659";="Keara Christiansen LTDA";="00355470000178";="Lang Ridges";="47148";="East Vincenzoville";="Oregon";="57195432";="Czech Republic";="4690460560239033";="04/28";="Memoria RAM Conectado";="3266.61";="Um excelente memoria ram conectado da categoria Informatica, ideal para suas necessidades.";="87";="Informatica";="Descricao para a categoria Informatica";="A Revolucao da Aprendizagem Hibrida na Sala de Aula";="Uma analise sobre o tema A Revolucao da Aprendizagem Hibrida na Sala de Aula. Exploramos a relevancia de Aprendizagem Hibrida para a area de Educacao.";="Keara Christiansen";="2025-08-15T19:37:17.237Z";"=""29255820-c472-4181-840f-02c3c1a73187""";"=""Cadastrado com sucesso"""
="Colt";="Adams";="Colt Adams";="colt.adams";="adams.colt@terra.com.br";="AdaCo87";="true";="26723654587";="14788049000";="Colt Adams LTDA";="61061334000160";="Twila Village";="2414";="Marquesmouth";="Rhode Island";="11017586";="France";="4556780109001765";="12/27";="Cooler CPU Sustentavel";="1391.85";="Um excelente cooler cpu sustentavel da categoria Energia, ideal para suas necessidades.";="9";="Energia";="Descricao para a categoria Energia";="5 Tendencias em Inteligencia Artificial";="Uma analise sobre o tema 5 Tendencias em Inteligencia Artificial. Exploramos a relevancia de Inteligencia Artificial para a area de Tecnologia.";="Colt Adams";="2025-08-15T19:37:18.236Z";"=""e2ece6a9-962d-40f8-8bb6-635f8b01832d""";"=""Cadastrado com sucesso"""
="Lula";="McCullough";="Lula McCullough";="lula.mccullough";="mccullough.lula@terra.com.br";="MccLu28";="true";="21079516328";="17016915433";="Lula McCullough LTDA";="55020856000110";="Rhett Shoal";="713";="New Brennahaven";="California";="28589020";="San Marino";="5136021097116901";="05/26";="Monitor 4K Portatil";="1964.89";="Um excelente monitor 4k portatil da categoria Impressao, ideal para suas necessidades.";="68";="Impressao";="Descricao para a categoria Impressao";="Os Maiores Momentos do Futebol Europeu";="Introducao ao topico Os Maiores Momentos do Futebol Europeu. Discutimos os conceitos basicos de Futebol Europeu aplicados a Esportes.";="Lula McCullough";="2025-08-15T19:37:19.230Z";"=""6667b4a8-22aa-4f7f-b7b5-85fb7f915428""";"=""Cadastrado com sucesso"""
="Efren";="Reinger";="Efren Reinger";="efren.reinger";="reinger.efren@mail.com";="ReiEf44";="true";="07855916644";="19102605717";="Efren Reinger LTDA";="44972209000192";="Walter Rue";="540";="West Davonburgh";="Virginia";="32801156";="Cyprus";="377025532991199";="10/27";="Monitor 4K Inteligente";="2562.74";="Um excelente monitor 4k inteligente da categoria Casa Inteligente, ideal para suas necessidades.";="71";="Casa Inteligente";="Descricao para a categoria Casa Inteligente";="Roteiro Inesquecivel por Litoral do Nordeste";="Este e um artigo sobre Roteiro Inesquecivel por Litoral do Nordeste. O foco principal e em Litoral do Nordeste no campo da Viagens e Turismo.";="Efren Reinger";="2025-08-15T19:37:20.405Z";"=""cdddc94e-9d61-4718-b09d-d07dfd17e35a""";"=""Cadastrado com sucesso"""
="Joanny";="Greenfelder";="Joanny Greenfelder";="joanny.greenfelder";="greenfelder.joanny@outlook.com";="GreJo75";="true";="33229215575";="19478213906";="Joanny Greenfelder LTDA";="62689979000104";="Linda Crest";="9569";="Lake Cora";="Kentucky";="11165523";="Zimbabwe";="6011580609952960";="06/28";="Mouse Gamer Customizavel";="3025.50";="Um excelente mouse gamer customizavel da categoria Casa Inteligente, ideal para suas necessidades.";="81";="Casa Inteligente";="Descricao para a categoria Casa Inteligente";="Os Maiores Momentos do Basquete da NBA";="Introducao ao topico Os Maiores Momentos do Basquete da NBA. Discutimos os conceitos basicos de Basquete da NBA aplicados a Esportes.";="Joanny Greenfelder";="2025-08-15T19:37:21.466Z";"=""765f754f-9841-49b1-88be-75ecf7aa67e4""";"=""Cadastrado com sucesso"""
="Danyka";="Turcotte";="Danyka Turcotte";="danyka.turcotte";="turcotte.danyka@ig.com.br";="TurDa60";="true";="96601731560";="15077825318";="Danyka Turcotte LTDA";="45460626000119";="Metz Drive";="645";="South Dillanport";="Georgia";="94310956";="Antarctica (the territory South of 60 deg S)";="4532799715944993";="09/25";="Gabinete ATX Conectado";="1897.28";="Um excelente gabinete atx conectado da categoria Audio e Video, ideal para suas necessidades.";="12";="Audio e Video";="Descricao para a categoria Audio e Video";="A Historia da Churrasco Americano";="Uma analise sobre o tema A Historia da Churrasco Americano. Exploramos a relevancia de Churrasco Americano para a area de Gastronomia e Culinaria.";="Danyka Turcotte";="2025-08-15T19:37:22.625Z";"=""bec9fb66-ea46-44c7-aec3-9bcc27abf175""";"=""Cadastrado com sucesso"""
="Luna";="Cummings";="Luna Cummings";="luna.cummings";="cummings.luna@msn.com";="CumLu50";="true";="12254323750";="14842734663";="Luna Cummings LTDA";="52008876000188";="Farrell Prairie";="3274";="Cassinbury";="Delaware";="77537733";="Australia";="6011264672531643";="12/26";="Placa de Video Resistente";="4924.74";="Um excelente placa de video resistente da categoria Dispositivos Moveis, ideal para suas necessidades.";="26";="Dispositivos Moveis";="Descricao para a categoria Dispositivos Moveis";="Porque Aprender JavaScript";="Introducao ao topico Porque Aprender JavaScript. Discutimos os conceitos basicos de JavaScript aplicados a Programacao.";="Luna Cummings";="2025-08-15T19:37:23.592Z";"=""dfa59b9c-d71d-4c7b-b7e1-080f9b78bd66""";"=""Cadastrado com sucesso"""
="Agnes";="Stokes";="Agnes Stokes";="agnes.stokes";="stokes.agnes@mail.com";="StoAg84";="true";="29882235484";="19598420604";="Agnes Stokes LTDA";="32612175000146";="Thompson Lights";="38701";="Coleberg";="Rhode Island";="85853887";="Moldova";="5287631047459057";="05/26";="Tablet Profissional";="4963.07";="Um excelente tablet profissional da categoria Armazenamento, ideal para suas necessidades.";="42";="Armazenamento";="Descricao para a categoria Armazenamento";="Os Beneficios da Meditacao";="Este e um artigo sobre Os Beneficios da Meditacao. O foco principal e em Meditacao no campo da Saude e Bem-Estar.";="Agnes Stokes";="2025-08-15T19:37:24.685Z";"=""61d2046c-e08e-47bd-ac5a-e4141d900e13""";"=""Cadastrado com sucesso"""
="Alisha";="Cronin";="Alisha Cronin";="alisha.cronin";="cronin.alisha@zoho.com";="CroAl22";="true";="55885913722";="15312175958";="Alisha Cronin LTDA";="63909788000173";="Hettinger Shore";="8325";="New Kimton";="Vermont";="32106941";="Dominican Republic";="4540445386924";="09/25";="Placa de Video Compacto";="2945.03";="Um excelente placa de video compacto da categoria Redes e Conectividade, ideal para suas necessidades.";="48";="Redes e Conectividade";="Descricao para a categoria Redes e Conectividade";="Metodos Inovadores de Gamificacao";="Uma analise sobre o tema Metodos Inovadores de Gamificacao. Exploramos a relevancia de Gamificacao para a area de Educacao.";="Alisha Cronin";="2025-08-15T19:37:25.679Z";"=""a44329c0-a02f-45ca-98d2-ee7c4bbb6908""";"=""Cadastrado com sucesso"""
="Rogelio";="Klein";="Rogelio Klein";="rogelio.klein";="klein.rogelio@yahoo.com";="KleRo02";="true";="72321519002";="17608768103";="Rogelio Klein LTDA";="62102874000107";="Martin Stravenue";="908";="Reinachester";="Michigan";="72032315";="Oman";="2720293583245309";="11/25";="Cadeira Gamer Conectado";="1112.89";="Um excelente cadeira gamer conectado da categoria Dispositivos Moveis, ideal para suas necessidades.";="98";="Dispositivos Moveis";="Descricao para a categoria Dispositivos Moveis";="Desvendando os Misterios de Nebulosas";="Este e um artigo sobre Desvendando os Misterios de Nebulosas. O foco principal e em Nebulosas no campo da Universo e Astronomia.";="Rogelio Klein";="2025-08-15T19:37:26.711Z";"=""665b5fdd-8f47-40a2-a08c-ee357baea4da""";"=""Cadastrado com sucesso"""
="Desiree";="Terry";="Desiree Terry";="desiree.terry";="terry.desiree@aol.com";="TerDe08";="true";="59986810108";="18784975925";="Desiree Terry LTDA";="73749890000102";="Mervin Crossing";="55089";="South Avis";="Louisiana";="00628614";="Russian Federation";="6011631969031851";="01/26";="SSD Externo Profissional";="3607.21";="Um excelente ssd externo profissional da categoria Eletronicos, ideal para suas necessidades.";="76";="Eletronicos";="Descricao para a categoria Eletronicos";="A Incrivel Jornada ate Exoplanetas";="Uma analise sobre o tema A Incrivel Jornada ate Exoplanetas. Exploramos a relevancia de Exoplanetas para a area de Universo e Astronomia.";="Desiree Terry";="2025-08-15T19:37:27.764Z";"=""0dd96bf5-6204-4f14-995e-11ca127e017e""";"=""Cadastrado com sucesso"""
="Cassidy";="O Connell";="Cassidy O Connell";="cassidy.oconnell";="oconnell.cassidy@bol.com.br";="ConCa94";="true";="83855713294";="14247284752";="Cassidy O Connell LTDA";="33623058000140";="Powlowski Route";="128";="North Virgil";="Nevada";="11976994";="Andorra";="2640006968800218";="09/25";="Webcam Full HD Silencioso";="2792.94";="Um excelente webcam full hd silencioso da categoria Informatica, ideal para suas necessidades.";="23";="Informatica";="Descricao para a categoria Informatica";="Desvendando os Misterios de Galaxias Distantes";="Introducao ao topico Desvendando os Misterios de Galaxias Distantes. Discutimos os conceitos basicos de Galaxias Distantes aplicados a Universo e Astronomia.";="Cassidy O Connell";="2025-08-15T19:37:28.744Z";"=""6f78ccec-107e-4182-906a-17990c4f032b""";"=""Cadastrado com sucesso"""
="Summer";="Krajcik";="Summer Krajcik";="summer.krajcik";="krajcik.summer@uol.com.br";="KraSu69";="true";="99385629069";="14804537542";="Summer Krajcik LTDA";="08796388000190";="Schmeler Isle";="96131";="West Juanaport";="Michigan";="32119018";="Guinea-Bissau";="4929461601466";="07/27";="Cadeira Gamer Ultra-fino";="322.97";="Um excelente cadeira gamer ultra-fino da categoria Informatica, ideal para suas necessidades.";="26";="Informatica";="Descricao para a categoria Informatica";="Uma Introducao a Genetica";="Este e um artigo sobre Uma Introducao a Genetica. O foco principal e em Genetica no campo da Ciencia e Fisica.";="Summer Krajcik";="2025-08-15T19:37:29.787Z";"=""b26c9306-bc3e-4e26-a565-a26874e4cf75""";"=""Cadastrado com sucesso"""
="Emmanuelle";="Welch";="Emmanuelle Welch";="emmanuelle.welch";="welch.emmanuelle@zoho.com";="WelEm71";="true";="46033236971";="13024460908";="Emmanuelle Welch LTDA";="06072562000127";="Tillman Turnpike";="32960";="South Ima";="Tennessee";="20130904";="Benin";="4532115637941456";="09/25";="Fone de Ouvido Inteligente";="510.54";="Um excelente fone de ouvido inteligente da categoria Energia, ideal para suas necessidades.";="100";="Energia";="Descricao para a categoria Energia";="Guia Completo de APIs REST";="Uma analise sobre o tema Guia Completo de APIs REST. Exploramos a relevancia de APIs REST para a area de Programacao.";="Emmanuelle Welch";="2025-08-15T19:37:30.770Z";"=""c0a10ac0-e1b9-4b56-a808-86ea85751215""";"=""Cadastrado com sucesso"""
="Jaleel";="Weissnat";="Jaleel Weissnat";="jaleel.weissnat";="weissnat.jaleel@msn.com";="WeiJa80";="true";="09811815380";="17479310219";="Jaleel Weissnat LTDA";="42413675000102";="Royal Lane";="6199";="North Erlingbury";="South Dakota";="70177762";="Cook Islands";="342994838103191";="06/26";="Memoria RAM Profissional";="4647.35";="Um excelente memoria ram profissional da categoria Games, ideal para suas necessidades.";="63";="Games";="Descricao para a categoria Games";="Metodos Inovadores de Inteligencia Emocional";="Este e um artigo sobre Metodos Inovadores de Inteligencia Emocional. O foco principal e em Inteligencia Emocional no campo da Educacao.";="Jaleel Weissnat";="2025-08-15T19:37:31.753Z";"=""3d4f6f5c-98b5-4444-8db1-eef668f2beea""";"=""Cadastrado com sucesso"""
="Scotty";="Brown";="Scotty Brown";="scotty.brown";="brown.scotty@zoho.com";="BroSc78";="true";="54849498078";="16899854926";="Scotty Brown LTDA";="94391967000195";="Wintheiser Manor";="56151";="North Nikobury";="Pennsylvania";="93422613";="Libyan Arab Jamahiriya";="5260485143214275";="01/27";="Fone de Ouvido Compacto";="1683.67";="Um excelente fone de ouvido compacto da categoria Fotografia, ideal para suas necessidades.";="20";="Fotografia";="Descricao para a categoria Fotografia";="A Historia da Comida Vegana";="Introducao ao topico A Historia da Comida Vegana. Discutimos os conceitos basicos de Comida Vegana aplicados a Gastronomia e Culinaria.";="Scotty Brown";="2025-08-15T19:37:32.802Z";"=""c53139eb-1789-4719-aae2-2bdd40c8adb5""";"=""Cadastrado com sucesso"""
="Scottie";="McKenzie";="Scottie McKenzie";="scottie.mckenzie";="mckenzie.scottie@yahoo.com";="MckSc82";="true";="22101900882";="18432155200";="Scottie McKenzie LTDA";="81378224000133";="Runolfsson Meadows";="20051";="Leuschkeshire";="South Dakota";="79028575";="Cote d'Ivoire";="340909841845267";="05/27";="Cadeira Gamer Sem Fio";="4208.25";="Um excelente cadeira gamer sem fio da categoria Eletronicos, ideal para suas necessidades.";="77";="Eletronicos";="Descricao para a categoria Eletronicos";="Como 5G Esta Moldando o Mundo";="Este e um artigo sobre Como 5G Esta Moldando o Mundo. O foco principal e em 5G no campo da Tecnologia.";="Scottie McKenzie";="2025-08-15T19:37:33.818Z";"=""5d1856d9-dfe0-466e-8868-d73e1ba10ed6""";"=""Cadastrado com sucesso"""
="Leonora";="Schiller";="Leonora Schiller";="leonora.schiller";="schiller.leonora@aol.com";="SchLe21";="true";="32368260021";="17867799603";="Leonora Schiller LTDA";="13218286000128";="Icie Parkways";="7654";="Wileyside";="Michigan";="50244443";="Cape Verde";="4024007177182754";="04/27";="Gabinete ATX Conectado";="932.80";="Um excelente gabinete atx conectado da categoria Impressao, ideal para suas necessidades.";="68";="Impressao";="Descricao para a categoria Impressao";="A Revolucao da Robotica Educacional na Sala de Aula";="Introducao ao topico A Revolucao da Robotica Educacional na Sala de Aula. Discutimos os conceitos basicos de Robotica Educacional aplicados a Educacao.";="Leonora Schiller";="2025-08-15T19:38:02.842Z";"=""e535627c-6e8c-41af-b221-5cd6db749c5a""";"=""Cadastrado com sucesso"""
="Reed";="Dickinson";="Reed Dickinson";="reed.dickinson";="dickinson.reed@terra.com.br";="DicRe96";="true";="16831291996";="16785783151";="Reed Dickinson LTDA";="65121842000147";="Eleazar Oval";="98372";="Braunmouth";="New Hampshire";="93043954";="Saint Barthelemy";="4716050101104778";="10/25";="Tablet Versatil";="2328.04";="Um excelente tablet versatil da categoria Informatica, ideal para suas necessidades.";="81";="Informatica";="Descricao para a categoria Informatica";="Como 5G Esta Moldando o Mundo";="Este e um artigo sobre Como 5G Esta Moldando o Mundo. O foco principal e em 5G no campo da Tecnologia.";="Reed Dickinson";="2025-08-15T19:38:03.869Z";"=""b699a1bd-3c5f-42a0-9761-c479033864cb""";"=""Cadastrado com sucesso"""
="River";="Roberts";="River Roberts";="river.roberts";="roberts.river@ig.com.br";="RobRi54";="true";="44735792554";="19132528238";="River Roberts LTDA";="87114271000156";="Maggio Shores";="2642";="East Fabiolachester";="New Hampshire";="83074534";="Mongolia";="2221282756859057";="04/28";="Memoria RAM Ergonomica";="3725.01";="Um excelente memoria ram ergonomica da categoria Audio e Video, ideal para suas necessidades.";="68";="Audio e Video";="Descricao para a categoria Audio e Video";="A Carreira Lendaria de Tenis";="Uma analise sobre o tema A Carreira Lendaria de Tenis. Exploramos a relevancia de Tenis para a area de Esportes.";="River Roberts";="2025-08-15T19:38:04.831Z";"=""afb983eb-220e-409f-bc0a-6967d2d131f2""";"=""Cadastrado com sucesso"""
="Kenna";="Kling";="Kenna Kling";="kenna.kling";="kling.kenna@zoho.com";="KliKe79";="true";="57707904079";="14178315255";="Kenna Kling LTDA";="35784481000158";="Enoch Via";="30874";="North Jaime";="Arkansas";="67829798";="French Southern Territories";="5305029236673778";="07/28";="Teclado Mecanico Ultra-fino";="84.16";="Um excelente teclado mecanico ultra-fino da categoria Acessorios, ideal para suas necessidades.";="98";="Acessorios";="Descricao para a categoria Acessorios";="Como Investir em Criptomoedas";="Uma analise sobre o tema Como Investir em Criptomoedas. Exploramos a relevancia de Criptomoedas para a area de Financas e Investimentos.";="Kenna Kling";="2025-08-15T19:38:05.825Z";"=""76df559a-8ba3-49e2-bc75-cf3cdcad4d65""";"=""Cadastrado com sucesso"""
="Johnson";="Wisoky";="Johnson Wisoky";="johnson.wisoky";="wisoky.johnson@gmx.com";="WisJo95";="true";="49420744795";="12533051067";="Johnson Wisoky LTDA";="85197065000121";="Rice Ville";="8241";="Karltown";="North Carolina";="74262941";="Guinea";="4539056106019";="10/27";="Roteador Wi-Fi 6 Inteligente";="1222.31";="Um excelente roteador wi-fi 6 inteligente da categoria Audio e Video, ideal para suas necessidades.";="79";="Audio e Video";="Descricao para a categoria Audio e Video";="Como Realidade Aumentada Esta Moldando o Mundo";="Este e um artigo sobre Como Realidade Aumentada Esta Moldando o Mundo. O foco principal e em Realidade Aumentada no campo da Tecnologia.";="Johnson Wisoky";="2025-08-15T19:38:06.860Z";"=""43ff75e2-85d5-4c3e-aced-f05eb2990ac5""";"=""Cadastrado com sucesso"""
="Estrella";="Mann";="Estrella Mann";="estrella.mann";="mann.estrella@me.com";="ManEs35";="true";="06145835435";="19804178203";="Estrella Mann LTDA";="87901655000119";="Greenfelder Haven";="949";="North Kieranport";="Connecticut";="89241296";="Bulgaria";="2435321377989117";="04/27";="Processador Potente";="2299.66";="Um excelente processador potente da categoria Redes e Conectividade, ideal para suas necessidades.";="93";="Redes e Conectividade";="Descricao para a categoria Redes e Conectividade";="Metodos Inovadores de Gamificacao";="Introducao ao topico Metodos Inovadores de Gamificacao. Discutimos os conceitos basicos de Gamificacao aplicados a Educacao.";="Estrella Mann";="2025-08-15T19:38:07.842Z";"=""4353f388-ad82-4c09-96b0-a5bdf093938a""";"=""Cadastrado com sucesso"""
="Bo";="Ebert";="Bo Ebert";="bo.ebert";="ebert.bo@fastmail.com";="EbeBo60";="true";="85043007060";="15345419589";="Bo Ebert LTDA";="68634746000190";="Claud Creek";="6443";="North Pink";="Nebraska";="27224913";="Saint Kitts and Nevis";="5574376789541298";="07/27";="Processador Inteligente";="3395.77";="Um excelente processador inteligente da categoria Dispositivos Moveis, ideal para suas necessidades.";="95";="Dispositivos Moveis";="Descricao para a categoria Dispositivos Moveis";="Dicas para Viajar para Litoral do Nordeste";="Este e um artigo sobre Dicas para Viajar para Litoral do Nordeste. O foco principal e em Litoral do Nordeste no campo da Viagens e Turismo.";="Bo Ebert";="2025-08-15T19:38:08.840Z";"=""df17aad1-2ad9-4a67-a733-7c1dbfde6638""";"=""Cadastrado com sucesso"""
="Mallory";="Donnelly";="Mallory Donnelly";="mallory.donnelly";="donnelly.mallory@terra.com.br";="DonMa03";="true";="74691525203";="16517477257";="Mallory Donnelly LTDA";="98878453000110";="Schmeler Coves";="735";="Port Freidachester";="Indiana";="38085174";="Congo";="4916531311531";="04/27";="Teclado Mecanico Compacto";="2004.61";="Um excelente teclado mecanico compacto da categoria Casa Inteligente, ideal para suas necessidades.";="17";="Casa Inteligente";="Descricao para a categoria Casa Inteligente";="10 Dicas para Melhorar sua Meditacao";="Introducao ao topico 10 Dicas para Melhorar sua Meditacao. Discutimos os conceitos basicos de Meditacao aplicados a Saude e Bem-Estar.";="Mallory Donnelly";="2025-08-15T19:38:09.946Z";"=""70958316-aef2-4a8b-9f41-3236945c0e20""";"=""Cadastrado com sucesso"""
="Cora";="D Amore";="Cora D Amore";="cora.damore";="damore.cora@terra.com.br";="AmoCo37";="true";="55603039337";="15855036786";="Cora D Amore LTDA";="60056617000150";="Kshlerin Hills";="34078";="Sallyland";="Tennessee";="96896536";="Luxembourg";="4929946392541";="01/28";="Gabinete ATX Profissional";="4334.33";="Um excelente gabinete atx profissional da categoria Dispositivos Moveis, ideal para suas necessidades.";="71";="Dispositivos Moveis";="Descricao para a categoria Dispositivos Moveis";="A Carreira Lendaria de Futebol Europeu";="Este e um artigo sobre A Carreira Lendaria de Futebol Europeu. O foco principal e em Futebol Europeu no campo da Esportes.";="Cora D Amore";="2025-08-15T19:38:10.932Z";"=""4f2d70c2-fea9-4f77-b5d4-ec7ff01d778c""";"=""Cadastrado com sucesso"""
="Cedrick";="Homenick";="Cedrick Homenick";="cedrick.homenick";="homenick.cedrick@protonmail.com";="HomCe34";="true";="55253725334";="14693004732";="Cedrick Homenick LTDA";="50189894000188";="Kilback Lodge";="493";="Bartolettiside";="Oklahoma";="35769181";="Serbia";="2597797842615847";="01/27";="Microfone Condensador Customizavel";="1587.61";="Um excelente microfone condensador customizavel da categoria Componentes, ideal para suas necessidades.";="53";="Componentes";="Descricao para a categoria Componentes";="Porque Industria dos Games Continua Relevante";="Introducao ao topico Porque Industria dos Games Continua Relevante. Discutimos os conceitos basicos de Industria dos Games aplicados a Cultura Pop.";="Cedrick Homenick";="2025-08-15T19:38:11.895Z";"=""2edc5a6f-31f1-4aa8-9bc1-34655d63a11b""";"=""Cadastrado com sucesso"""
="Mateo";="Klocko";="Mateo Klocko";="mateo.klocko";="klocko.mateo@terra.com.br";="KloMa55";="true";="25571595655";="17867701838";="Mateo Klocko LTDA";="11863180000151";="Candice Gateway";="3779";="Port Chauncey";="Nevada";="06546579";="Jordan";="4929820987732220";="10/25";="Placa de Video Resistente";="3877.11";="Um excelente placa de video resistente da categoria Hardware, ideal para suas necessidades.";="64";="Hardware";="Descricao para a categoria Hardware";="O Futuro do Inteligencia Artificial";="Este e um artigo sobre O Futuro do Inteligencia Artificial. O foco principal e em Inteligencia Artificial no campo da Tecnologia.";="Mateo Klocko";="2025-08-15T19:38:12.852Z";"=""79070a61-2309-427c-90c1-4a368c80e58c""";"=""Cadastrado com sucesso"""
="Gina";="Medhurst";="Gina Medhurst";="gina.medhurst";="medhurst.gina@hotmail.com";="MedGi40";="true";="57257614440";="16298361513";="Gina Medhurst LTDA";="50152571000110";="Littel Estates";="54900";="East Kimberly";="Montana";="52893568";="Iraq";="4916456876281121";="05/26";="Fone de Ouvido Essencial";="1969.48";="Um excelente fone de ouvido essencial da categoria Games, ideal para suas necessidades.";="27";="Games";="Descricao para a categoria Games";="Solucoes Sustentaveis para Poluicao Plastica";="Este e um artigo sobre Solucoes Sustentaveis para Poluicao Plastica. O foco principal e em Poluicao Plastica no campo da Meio Ambiente.";="Gina Medhurst";="2025-08-15T19:38:13.813Z";"=""e479e9c1-f1f2-45ee-9b89-b2b4a98afabc""";"=""Cadastrado com sucesso"""
="Shanny";="Dickens";="Shanny Dickens";="shanny.dickens";="dickens.shanny@aol.com";="DicSh44";="true";="40152449744";="18035069427";="Shanny Dickens LTDA";="34032676000189";="Jonas View";="6695";="East Maggieshire";="District of Columbia";="60635028";="Venezuela";="4532785412631595";="05/26";="Drone Ultra-fino";="4257.03";="Um excelente drone ultra-fino da categoria Audio e Video, ideal para suas necessidades.";="49";="Audio e Video";="Descricao para a categoria Audio e Video";="Solucoes Sustentaveis para Energias Renovaveis";="Introducao ao topico Solucoes Sustentaveis para Energias Renovaveis. Discutimos os conceitos basicos de Energias Renovaveis aplicados a Meio Ambiente.";="Shanny Dickens";="2025-08-15T19:38:14.896Z";"=""c1faf720-4174-41fe-9622-6146c4e93045""";"=""Cadastrado com sucesso"""
="Carson";="Smith";="Carson Smith";="carson.smith";="smith.carson@protonmail.com";="SmiCa45";="true";="95872968345";="19547490576";="Carson Smith LTDA";="61575907000173";="Theodora Meadows";="559";="Rainamouth";="Pennsylvania";="76490915";="Ecuador";="2720313789766302";="05/28";="Cooler CPU Ultra-fino";="1532.65";="Um excelente cooler cpu ultra-fino da categoria Energia, ideal para suas necessidades.";="94";="Energia";="Descricao para a categoria Energia";="Analise Tatica do Formula 1";="Este e um artigo sobre Analise Tatica do Formula 1. O foco principal e em Formula 1 no campo da Esportes.";="Carson Smith";="2025-08-15T19:38:15.851Z";"=""d342324c-a63a-4131-a2f8-8fe7923c5f87""";"=""Cadastrado com sucesso"""
="Rae";="Kerluke";="Rae Kerluke";="rae.kerluke";="kerluke.rae@me.com";="KerRa70";="true";="13508282970";="17206309364";="Rae Kerluke LTDA";="88427188000108";="Vinnie Ville";="20723";="Walterview";="Nevada";="15998937";="Malta";="4532400652652414";="05/28";="Memoria RAM Potente";="2206.11";="Um excelente memoria ram potente da categoria Audio e Video, ideal para suas necessidades.";="19";="Audio e Video";="Descricao para a categoria Audio e Video";="Como Computacao Quantica Esta Moldando o Mundo";="Este e um artigo sobre Como Computacao Quantica Esta Moldando o Mundo. O foco principal e em Computacao Quantica no campo da Tecnologia.";="Rae Kerluke";="2025-08-15T19:38:16.832Z";"=""5d841e8a-6388-4e6e-af7c-b1b2e8822caf""";"=""Cadastrado com sucesso"""
="Ivah";="Hagenes";="Ivah Hagenes";="ivah.hagenes";="hagenes.ivah@zoho.com";="HagIv83";="true";="35138206583";="14707916680";="Ivah Hagenes LTDA";="91497968000120";="Minerva Expressway";="456";="New Neva";="Kentucky";="01884518";="Egypt";="4539649224460960";="07/27";="Mouse Gamer Ergonomica";="376.71";="Um excelente mouse gamer ergonomica da categoria Hardware, ideal para suas necessidades.";="72";="Hardware";="Descricao para a categoria Hardware";="Segredos da Culinaria com Cozinha Italiana";="Uma analise sobre o tema Segredos da Culinaria com Cozinha Italiana. Exploramos a relevancia de Cozinha Italiana para a area de Gastronomia e Culinaria.";="Ivah Hagenes";="2025-08-15T19:38:17.834Z";"=""e18f710e-923d-492d-8bd4-dfcd4f8d16b9""";"=""Cadastrado com sucesso"""
="Reba";="Erdman";="Reba Erdman";="reba.erdman";="erdman.reba@yandex.com";="ErdRe68";="true";="87195461068";="15675307709";="Reba Erdman LTDA";="80131489000170";="Marks Manors";="72211";="Cliffordborough";="Maine";="88300458";="United Arab Emirates";="2686065585686157";="12/26";="Microfone Condensador Imersivo";="1716.76";="Um excelente microfone condensador imersivo da categoria Perifericos, ideal para suas necessidades.";="44";="Perifericos";="Descricao para a categoria Perifericos";="Solucoes Sustentaveis para Energias Renovaveis";="Introducao ao topico Solucoes Sustentaveis para Energias Renovaveis. Discutimos os conceitos basicos de Energias Renovaveis aplicados a Meio Ambiente.";="Reba Erdman";="2025-08-15T19:38:18.817Z";"=""0e9c9960-62d4-4000-855d-2b573588de7b""";"=""Cadastrado com sucesso"""
="Francisca";="Bailey";="Francisca Bailey";="francisca.bailey";="bailey.francisca@ig.com.br";="BaiFr21";="true";="28049997421";="12206572925";="Francisca Bailey LTDA";="29451956000191";="Zboncak Overpass";="520";="Lake Malika";="West Virginia";="54864807";="Brazil";="6011140441173687";="02/28";="Webcam Full HD Veloz";="2931.23";="Um excelente webcam full hd veloz da categoria Impressao, ideal para suas necessidades.";="51";="Impressao";="Descricao para a categoria Impressao";="Porque Aprender JavaScript";="Introducao ao topico Porque Aprender JavaScript. Discutimos os conceitos basicos de JavaScript aplicados a Programacao.";="Francisca Bailey";="2025-08-15T19:38:19.849Z";"=""0161c1ca-aa4f-42c6-8e11-210a9accf407""";"=""Cadastrado com sucesso"""
="Mable";="Lowe";="Mable Lowe";="mable.lowe";="lowe.mable@bol.com.br";="LowMa93";="true";="55644914593";="19542886693";="Mable Lowe LTDA";="58600038000185";="Ryan Corner";="2356";="Winnifredshire";="Delaware";="50029496";="Mauritius";="5554670175282424";="01/27";="Mesa Digitalizadora Imersivo";="4461.21";="Um excelente mesa digitalizadora imersivo da categoria Audio e Video, ideal para suas necessidades.";="90";="Audio e Video";="Descricao para a categoria Audio e Video";="A Receita Perfeita de Comida Vegana";="Introducao ao topico A Receita Perfeita de Comida Vegana. Discutimos os conceitos basicos de Comida Vegana aplicados a Gastronomia e Culinaria.";="Mable Lowe";="2025-08-15T19:38:20.837Z";"=""b76d8d10-85be-4f50-9d5d-102de5ae4db8""";"=""Cadastrado com sucesso"""
="Johanna";="Jakubowski";="Johanna Jakubowski";="johanna.jakubowski";="jakubowski.johanna@gmx.com";="JakJo97";="true";="88386393297";="19736357119";="Johanna Jakubowski LTDA";="36169218000111";="Windler Way";="91286";="Port Marieview";="Alaska";="65138358";="French Southern Territories";="4485392543515313";="01/26";="Soundbar Resistente";="2071.76";="Um excelente soundbar resistente da categoria Perifericos, ideal para suas necessidades.";="47";="Perifericos";="Descricao para a categoria Perifericos";="O Papel da Gamificacao";="Introducao ao topico O Papel da Gamificacao. Discutimos os conceitos basicos de Gamificacao aplicados a Educacao.";="Johanna Jakubowski";="2025-08-15T19:38:21.802Z";"=""33e403e0-ce78-4480-8ae8-f55142de6b6a""";"=""Cadastrado com sucesso"""
="Jena";="Brown";="Jena Brown";="jena.brown";="brown.jena@live.com";="BroJe85";="true";="61707445885";="13649022397";="Jena Brown LTDA";="79038993000140";="Valentin Orchard";="9016";="Port Matilde";="Massachusetts";="00131240";="Ireland";="2504019209645677";="01/26";="Roteador Wi-Fi 6 Veloz";="4105.20";="Um excelente roteador wi-fi 6 veloz da categoria Fotografia, ideal para suas necessidades.";="87";="Fotografia";="Descricao para a categoria Fotografia";="A Revolucao da Robotica Educacional na Sala de Aula";="Introducao ao topico A Revolucao da Robotica Educacional na Sala de Aula. Discutimos os conceitos basicos de Robotica Educacional aplicados a Educacao.";="Jena Brown";="2025-08-15T19:38:22.782Z";"=""ef6bc512-c5d7-4ae5-8e2d-5d0042e4cc16""";"=""Cadastrado com sucesso"""
="Nola";="Boyer";="Nola Boyer";="nola.boyer";="boyer.nola@hotmail.com";="BoyNo90";="true";="32293212190";="15407532123";="Nola Boyer LTDA";="58670875000180";="Rippin Shoals";="53504";="West Magdalenaside";="California";="31621168";="Cambodia";="349110827042604";="11/25";="Microfone Condensador Veloz";="2331.19";="Um excelente microfone condensador veloz da categoria Hardware, ideal para suas necessidades.";="2";="Hardware";="Descricao para a categoria Hardware";="O Futuro do Computacao Quantica";="Uma analise sobre o tema O Futuro do Computacao Quantica. Exploramos a relevancia de Computacao Quantica para a area de Tecnologia.";="Nola Boyer";="2025-08-15T19:38:23.763Z";"=""93c6c1fe-9a24-4e2b-a383-53d756efe9d0""";"=""Cadastrado com sucesso"""
="Noah";="Tillman";="Noah Tillman";="noah.tillman";="tillman.noah@bol.com.br";="TilNo22";="true";="20789683822";="12694292160";="Noah Tillman LTDA";="34531756000189";="Jerde Mall";="39004";="Cummerataburgh";="Delaware";="34727039";="Mongolia";="4024007136419107";="03/27";="Placa de Video Premium";="1374.12";="Um excelente placa de video premium da categoria Impressao, ideal para suas necessidades.";="91";="Impressao";="Descricao para a categoria Impressao";="Os Maiores Momentos do Basquete da NBA";="Introducao ao topico Os Maiores Momentos do Basquete da NBA. Discutimos os conceitos basicos de Basquete da NBA aplicados a Esportes.";="Noah Tillman";="2025-08-15T19:38:24.878Z";"=""8f647f0b-909a-4d14-b12c-6e75ef829f64""";"=""Cadastrado com sucesso"""
="Candida";="Wiegand";="Candida Wiegand";="candida.wiegand";="wiegand.candida@aol.com";="WieCa88";="true";="13682786988";="15407292564";="Candida Wiegand LTDA";="17177295000179";="Chaya Drives";="4235";="Nolanville";="Delaware";="41768620";="Malta";="4485729706493517";="12/26";="Tablet Customizavel";="4074.73";="Um excelente tablet customizavel da categoria Impressao, ideal para suas necessidades.";="35";="Impressao";="Descricao para a categoria Impressao";="A Carreira Lendaria de Formula 1";="Introducao ao topico A Carreira Lendaria de Formula 1. Discutimos os conceitos basicos de Formula 1 aplicados a Esportes.";="Candida Wiegand";="2025-08-15T19:38:25.864Z";"=""ab1e5a8f-bb98-4cc7-8cec-1d2bd009db16""";"=""Cadastrado com sucesso"""
="Yasmin";="Pollich";="Yasmin Pollich";="yasmin.pollich";="pollich.yasmin@terra.com.br";="PolYa04";="true";="31770924604";="16696764013";="Yasmin Pollich LTDA";="10002989000126";="Teresa Glen";="52486";="Kyrachester";="Kansas";="46235267";="Seychelles";="5435478340681305";="11/26";="Oculos de Realidade Virtual Ergonomica";="748.35";="Um excelente oculos de realidade virtual ergonomica da categoria Redes e Conectividade, ideal para suas necessidades.";="74";="Redes e Conectividade";="Descricao para a categoria Redes e Conectividade";="Como Teoria da Relatividade Explica o Cotidiano";="Uma analise sobre o tema Como Teoria da Relatividade Explica o Cotidiano. Exploramos a relevancia de Teoria da Relatividade para a area de Ciencia e Fisica.";="Yasmin Pollich";="2025-08-15T19:38:26.833Z";"=""69ff55e6-4edf-4547-b8f6-467e2c4043d9""";"=""Cadastrado com sucesso"""
="Lauretta";="Stroman";="Lauretta Stroman";="lauretta.stroman";="stroman.lauretta@live.com";="StrLa40";="true";="21616320940";="14589033524";="Lauretta Stroman LTDA";="37954426000194";="Eleonore Mountain";="53101";="Port Cleta";="Virginia";="27083419";="Ethiopia";="5215355287559957";="01/27";="Teclado Mecanico Versatil";="3472.35";="Um excelente teclado mecanico versatil da categoria Games, ideal para suas necessidades.";="95";="Games";="Descricao para a categoria Games";="Analise Profunda de Industria dos Games";="Introducao ao topico Analise Profunda de Industria dos Games. Discutimos os conceitos basicos de Industria dos Games aplicados a Cultura Pop.";="Lauretta Stroman";="2025-08-15T19:38:27.871Z";"=""ce02966b-8224-4eb8-bcd2-9dc4cdc43621""";"=""Cadastrado com sucesso"""
="Christy";="Price";="Christy Price";="christy.price";="price.christy@protonmail.com";="PriCh00";="true";="35177961400";="19543005421";="Christy Price LTDA";="74532326000104";="Ruecker Course";="51087";="Bogisichton";="Wyoming";="64512296";="Uganda";="371176616968136";="08/27";="Microfone Condensador Essencial";="4612.35";="Um excelente microfone condensador essencial da categoria Impressao, ideal para suas necessidades.";="44";="Impressao";="Descricao para a categoria Impressao";="Segredos da Culinaria com Churrasco Americano";="Introducao ao topico Segredos da Culinaria com Churrasco Americano. Discutimos os conceitos basicos de Churrasco Americano aplicados a Gastronomia e Culinaria.";="Christy Price";="2025-08-15T19:38:28.854Z";"=""4a8e353b-4682-41cf-b4fe-10874a330e90""";"=""Cadastrado com sucesso"""
="Kade";="Stiedemann";="Kade Stiedemann";="kade.stiedemann";="stiedemann.kade@yahoo.com";="StiKa09";="true";="71513689509";="16089834349";="Kade Stiedemann LTDA";="62917283000198";="Champlin Shoals";="153";="Hackettshire";="Georgia";="57556437";="Lesotho";="2333437706588702";="05/27";="Monitor 4K Sem Fio";="564.69";="Um excelente monitor 4k sem fio da categoria Eletronicos, ideal para suas necessidades.";="9";="Eletronicos";="Descricao para a categoria Eletronicos";="Alimentacao e Nutricao Funcional";="Este e um artigo sobre Alimentacao e Nutricao Funcional. O foco principal e em Nutricao Funcional no campo da Saude e Bem-Estar.";="Kade Stiedemann";="2025-08-15T19:38:29.820Z";"=""de654165-98e4-4ca1-a0b5-47a31d36b3b7""";"=""Cadastrado com sucesso"""
="Polly";="Macejkovic";="Polly Macejkovic";="polly.macejkovic";="macejkovic.polly@outlook.com";="MacPo80";="true";="64773857080";="19709294811";="Polly Macejkovic LTDA";="85555101000181";="Zetta Crossroad";="9903";="South Darrickstad";="Arizona";="84279368";="Rwanda";="2720159330139147";="03/26";="Fone de Ouvido Silencioso";="611.01";="Um excelente fone de ouvido silencioso da categoria Componentes, ideal para suas necessidades.";="43";="Componentes";="Descricao para a categoria Componentes";="Como Imperio Romano Mudou a Historia";="Este e um artigo sobre Como Imperio Romano Mudou a Historia. O foco principal e em Imperio Romano no campo da Historia.";="Polly Macejkovic";="2025-08-15T19:38:30.818Z";"=""007f213c-b21e-4ac7-afec-c7468bc293e3""";"=""Cadastrado com sucesso"""
="Percival";="Lynch";="Percival Lynch";="percival.lynch";="lynch.percival@gmx.com";="LynPe60";="true";="29019317660";="15309390704";="Percival Lynch LTDA";="27456665000160";="Lang Curve";="8603";="Fionaside";="Tennessee";="42756233";="Oman";="4556441308276118";="05/26";="Placa de Video Compacto";="1919.05";="Um excelente placa de video compacto da categoria Redes e Conectividade, ideal para suas necessidades.";="86";="Redes e Conectividade";="Descricao para a categoria Redes e Conectividade";="A Ascensao e Queda do Revolucao Industrial";="Introducao ao topico A Ascensao e Queda do Revolucao Industrial. Discutimos os conceitos basicos de Revolucao Industrial aplicados a Historia.";="Percival Lynch";="2025-08-15T19:38:31.831Z";"=""56250c2e-2a0d-469b-b864-21bf9b13ec9b""";"=""Cadastrado com sucesso"""
="Earnestine";="Buckridge";="Earnestine Buckridge";="earnestine.buckridge";="buckridge.earnestine@inbox.com";="BucEa08";="true";="27939615408";="14233473568";="Earnestine Buckridge LTDA";="40959350000102";="Nina Vista";="161";="North Zena";="Texas";="37680374";="Belize";="3589092608505129";="10/27";="Cadeira Gamer Essencial";="2725.58";="Um excelente cadeira gamer essencial da categoria Armazenamento, ideal para suas necessidades.";="14";="Armazenamento";="Descricao para a categoria Armazenamento";="A Historia da Vinhos Franceses";="Este e um artigo sobre A Historia da Vinhos Franceses. O foco principal e em Vinhos Franceses no campo da Gastronomia e Culinaria.";="Earnestine Buckridge";="2025-08-29T21:03:23.104Z";"=""538111b0-1920-43b1-8815-6ec4c7ff8c0b""";"=""Cadastrado com sucesso"""
="Sandra";="Gislason";="Sandra Gislason";="sandra.gislason";="gislason.sandra@terra.com.br";="GisSa02";="true";="05400712002";="12709459347";="Sandra Gislason LTDA";="75739690000102";="Funk Gateway";="21466";="Wuckertside";="Georgia";="78076911";="Eritrea";="4556825560068074";="04/27";="Monitor 4K Veloz";="4572.54";="Um excelente monitor 4k veloz da categoria Audio e Video, ideal para suas necessidades.";="27";="Audio e Video";="Descricao para a categoria Audio e Video";="Metodos Inovadores de Aprendizagem Hibrida";="Uma analise sobre o tema Metodos Inovadores de Aprendizagem Hibrida. Exploramos a relevancia de Aprendizagem Hibrida para a area de Educacao.";="Sandra Gislason";="2025-08-29T21:03:24.121Z";"=""03d8edbf-1be2-4db4-af73-5a293cfd823e""";"=""Cadastrado com sucesso"""
="Nyasia";="Russel";="Nyasia Russel";="nyasia.russel";="russel.nyasia@yahoo.com";="RusNy05";="true";="47123666305";="13644094390";="Nyasia Russel LTDA";="14422113000190";="Bergstrom Meadows";="457";="South Murl";="Virginia";="13797951";="Moldova";="4485256766674471";="10/27";="Leitor de E-book Imersivo";="3731.16";="Um excelente leitor de e-book imersivo da categoria Energia, ideal para suas necessidades.";="83";="Energia";="Descricao para a categoria Energia";="Segredos da Culinaria com Comida Vegana";="Uma analise sobre o tema Segredos da Culinaria com Comida Vegana. Exploramos a relevancia de Comida Vegana para a area de Gastronomia e Culinaria.";="Nyasia Russel";="2025-08-29T21:03:25.169Z";"=""9a444c0f-e3d7-47ad-a9fd-faa4d263bc1c""";"=""Cadastrado com sucesso"""
="Georgiana";="Nienow";="Georgiana Nienow";="georgiana.nienow";="nienow.georgiana@terra.com.br";="NieGe37";="true";="64701757837";="16204074922";="Georgiana Nienow LTDA";="76948600000148";="Beahan Via";="288";="Port Rigoberto";="Nevada";="26995692";="Bahrain";="3528255314040541";="04/26";="Tablet Imersivo";="3265.86";="Um excelente tablet imersivo da categoria Acessorios, ideal para suas necessidades.";="91";="Acessorios";="Descricao para a categoria Acessorios";="Como 5G Esta Moldando o Mundo";="Uma analise sobre o tema Como 5G Esta Moldando o Mundo. Exploramos a relevancia de 5G para a area de Tecnologia.";="Georgiana Nienow";="2025-08-29T21:03:26.295Z";"=""320afb8b-990f-4fc6-a720-8c12e0951f72""";"=""Cadastrado com sucesso"""
="Steve";="Windler";="Steve Windler";="steve.windler";="windler.steve@yahoo.com";="WinSt19";="true";="12611864519";="18106622255";="Steve Windler LTDA";="58347029000124";="Ondricka Loop";="22316";="Kiehnbury";="Texas";="03878776";="Morocco";="2580104519787786";="09/25";="Leitor de E-book RGB";="2452.33";="Um excelente leitor de e-book rgb da categoria Games, ideal para suas necessidades.";="100";="Games";="Descricao para a categoria Games";="Como 5G Esta Moldando o Mundo";="Este e um artigo sobre Como 5G Esta Moldando o Mundo. O foco principal e em 5G no campo da Tecnologia.";="Steve Windler";="2025-08-29T21:03:27.357Z";"=""da0f63da-1b5f-4bcf-adfd-9018a982d4db""";"=""Cadastrado com sucesso"""
="Isabel";="Doyle";="Isabel Doyle";="isabel.doyle";="doyle.isabel@gmx.com";="DoyIs76";="true";="14496884976";="16202172906";="Isabel Doyle LTDA";="24523330000120";="Howell Village";="117";="Turnerhaven";="Alabama";="32568616";="Morocco";="2449521573431376";="08/27";="Mesa Digitalizadora Veloz";="4693.96";="Um excelente mesa digitalizadora veloz da categoria Acessorios, ideal para suas necessidades.";="12";="Acessorios";="Descricao para a categoria Acessorios";="Porque Series de TV Continua Relevante";="Uma analise sobre o tema Porque Series de TV Continua Relevante. Exploramos a relevancia de Series de TV para a area de Cultura Pop.";="Isabel Doyle";="2025-08-29T21:03:28.560Z";"=""1b62d7a7-ae50-4ddc-b07b-2f6a12ae34f8""";"=""Cadastrado com sucesso"""
="Abagail";="Ullrich";="Abagail Ullrich";="abagail.ullrich";="ullrich.abagail@icloud.com";="UllAb69";="true";="66187542169";="17327290611";="Abagail Ullrich LTDA";="98367406000101";="Pfannerstill Hill";="981";="Lake Emanuelshire";="Maine";="00091205";="Reunion";="5211191603720864";="12/25";="Smartphone Silencioso";="2673.76";="Um excelente smartphone silencioso da categoria Eletronicos, ideal para suas necessidades.";="4";="Eletronicos";="Descricao para a categoria Eletronicos";="Como Neurociencia Explica o Cotidiano";="Uma analise sobre o tema Como Neurociencia Explica o Cotidiano. Exploramos a relevancia de Neurociencia para a area de Ciencia e Fisica.";="Abagail Ullrich";="2025-08-29T21:03:29.544Z";"=""0f0a36d6-1d54-49e7-9a19-612972fd0ebe""";"=""Cadastrado com sucesso"""
="Dorothea";="O Conner";="Dorothea O Conner";="dorothea.oconner";="oconner.dorothea@aol.com";="ConDo42";="true";="32710698242";="14585082019";="Dorothea O Conner LTDA";="51421257000158";="Hagenes Highway";="752";="Tiffanyton";="Missouri";="50719818";="Cuba";="2529551647828953";="11/27";="Webcam Full HD Potente";="4364.93";="Um excelente webcam full hd potente da categoria Acessorios, ideal para suas necessidades.";="91";="Acessorios";="Descricao para a categoria Acessorios";="Um Futuro com Desmatamento";="Este e um artigo sobre Um Futuro com Desmatamento. O foco principal e em Desmatamento no campo da Meio Ambiente.";="Dorothea O Conner";="2025-08-29T21:03:31.552Z";"=""2eaf4518-1d52-4e02-851a-b8c95776ef06""";"=""Cadastrado com sucesso"""
="Filomena";="Jacobs";="Filomena Jacobs";="filomena.jacobs";="jacobs.filomena@fastmail.com";="JacFi95";="true";="38745884595";="13026658025";="Filomena Jacobs LTDA";="10248136000179";="Wolf Hills";="2454";="Georgianaport";="Wyoming";="23279667";="Georgia";="4485941707999729";="12/27";="Smartwatch RGB";="2299.23";="Um excelente smartwatch rgb da categoria Audio e Video, ideal para suas necessidades.";="74";="Audio e Video";="Descricao para a categoria Audio e Video";="Dicas para Viajar para Japao";="Este e um artigo sobre Dicas para Viajar para Japao. O foco principal e em Japao no campo da Viagens e Turismo.";="Filomena Jacobs";="2025-08-29T21:03:32.560Z";"=""0cc458b6-2215-4930-aa29-593b1bc5a860""";"=""Cadastrado com sucesso"""
="Easter";="Bailey";="Easter Bailey";="easter.bailey";="bailey.easter@ig.com.br";="BaiEa00";="true";="43235881000";="12235430188";="Easter Bailey LTDA";="64021830000188";="Monahan Alley";="49097";="New Madelynn";="Wisconsin";="20665446";="Gabon";="4024007142626927";="12/25";="Console de Videogame Potente";="1082.12";="Um excelente console de videogame potente da categoria Dispositivos Moveis, ideal para suas necessidades.";="79";="Dispositivos Moveis";="Descricao para a categoria Dispositivos Moveis";="Solucoes Sustentaveis para Consumo Consciente";="Introducao ao topico Solucoes Sustentaveis para Consumo Consciente. Discutimos os conceitos basicos de Consumo Consciente aplicados a Meio Ambiente.";="Easter Bailey";="2025-08-29T21:03:33.763Z";"=""e4c97e50-a127-4d8f-84fd-6b834e57af5b""";"=""Cadastrado com sucesso"""
="Iliana";="Pacocha";="Iliana Pacocha";="iliana.pacocha";="pacocha.iliana@gmail.com";="PacIl00";="true";="18180882900";="12726610641";="Iliana Pacocha LTDA";="91063385000191";="Maxine Terrace";="9248";="Rileyhaven";="Michigan";="91712699";="Cameroon";="2221829249183766";="11/26";="SSD Externo Ergonomica";="4068.52";="Um excelente ssd externo ergonomica da categoria Perifericos, ideal para suas necessidades.";="66";="Perifericos";="Descricao para a categoria Perifericos";="O Futuro do Blockchain";="Este e um artigo sobre O Futuro do Blockchain. O foco principal e em Blockchain no campo da Tecnologia.";="Iliana Pacocha";="2025-08-29T21:03:34.912Z";"=""2dd3f3c5-2952-4160-8f6e-40b03a11a1df""";"=""Cadastrado com sucesso"""
="Adela";="Jast";="Adela Jast";="adela.jast";="jast.adela@yahoo.com";="JasAd57";="true";="73271982457";="18064405412";="Adela Jast LTDA";="52367066000118";="Kuhlman Isle";="85933";="Douglasburgh";="Mississippi";="57227580";="Bangladesh";="4532885291607235";="05/26";="Soundbar Premium";="1702.68";="Um excelente soundbar premium da categoria Redes e Conectividade, ideal para suas necessidades.";="44";="Redes e Conectividade";="Descricao para a categoria Redes e Conectividade";="Os Beneficios da Atividade Fisica";="Este e um artigo sobre Os Beneficios da Atividade Fisica. O foco principal e em Atividade Fisica no campo da Saude e Bem-Estar.";="Adela Jast";="2025-08-29T21:03:36.217Z";"=""a10c887b-5c86-432c-8815-4d183b60c563""";"=""Cadastrado com sucesso"""
="Enrique";="Swaniawski";="Enrique Swaniawski";="enrique.swaniawski";="swaniawski.enrique@yandex.com";="SwaEn67";="true";="67988898167";="16803972686";="Enrique Swaniawski LTDA";="43017484000194";="Simonis Route";="44554";="Labadietown";="Missouri";="75588673";="Swaziland";="6011172881342662";="08/27";="Mesa Digitalizadora Ultra-fino";="2710.14";="Um excelente mesa digitalizadora ultra-fino da categoria Redes e Conectividade, ideal para suas necessidades.";="90";="Redes e Conectividade";="Descricao para a categoria Redes e Conectividade";="5 Tendencias em Blockchain";="Introducao ao topico 5 Tendencias em Blockchain. Discutimos os conceitos basicos de Blockchain aplicados a Tecnologia.";="Enrique Swaniawski";="2025-08-29T21:03:37.169Z";"=""3468d0e9-d7f4-4117-b6a8-b618ed20231a""";"=""Cadastrado com sucesso"""
="Zander";="Greenholt";="Zander Greenholt";="zander.greenholt";="greenholt.zander@bol.com.br";="GreZa34";="true";="18449395534";="14409202724";="Zander Greenholt LTDA";="91479394000168";="Waelchi Hollow";="3692";="New Walterview";="South Dakota";="95970419";="Montenegro";="4878117421550743";="06/27";="Teclado Mecanico Customizavel";="4236.93";="Um excelente teclado mecanico customizavel da categoria Energia, ideal para suas necessidades.";="82";="Energia";="Descricao para a categoria Energia";="Analise Tatica do Formula 1";="Este e um artigo sobre Analise Tatica do Formula 1. O foco principal e em Formula 1 no campo da Esportes.";="Zander Greenholt";="2025-08-29T21:03:38.199Z";"=""87b03f17-3206-4146-95c4-728dac4811b0""";"=""Cadastrado com sucesso"""
="Daron";="Gleichner";="Daron Gleichner";="daron.gleichner";="gleichner.daron@icloud.com";="GleDa26";="true";="75665665126";="17653368839";="Daron Gleichner LTDA";="39626649000158";="Simonis Square";="8986";="West Pedrofurt";="New Jersey";="77717808";="Cambodia";="6011270610301668";="03/28";="Gabinete ATX Ergonomica";="2199.54";="Um excelente gabinete atx ergonomica da categoria Eletronicos, ideal para suas necessidades.";="26";="Eletronicos";="Descricao para a categoria Eletronicos";="Uma Introducao a Leis de Newton";="Este e um artigo sobre Uma Introducao a Leis de Newton. O foco principal e em Leis de Newton no campo da Ciencia e Fisica.";="Daron Gleichner";="2025-08-29T21:03:39.169Z";"=""8ee37b1e-1a91-4a34-84ef-4400c581674d""";"=""Cadastrado com sucesso"""
="Arthur";="Robel";="Arthur Robel";="arthur.robel";="robel.arthur@zoho.com";="RobAr65";="true";="42308199865";="12136747050";="Arthur Robel LTDA";="03302574000102";="Dario Crescent";="3512";="Michaelafort";="Alabama";="41806280";="Christmas Island";="346456928413886";="07/28";="HD Externo Versatil";="2338.32";="Um excelente hd externo versatil da categoria Casa Inteligente, ideal para suas necessidades.";="1";="Casa Inteligente";="Descricao para a categoria Casa Inteligente";="Os Maiores Momentos do Tenis";="Uma analise sobre o tema Os Maiores Momentos do Tenis. Exploramos a relevancia de Tenis para a area de Esportes.";="Arthur Robel";="2025-08-29T21:03:40.169Z";"=""09b2158e-18dc-4228-a2f4-9144655c690e""";"=""Cadastrado com sucesso"""
="Lee";="Dare";="Lee Dare";="lee.dare";="dare.lee@terra.com.br";="DarLe50";="true";="26151922050";="16268422636";="Lee Dare LTDA";="54810795000122";="Monserrat Motorway";="5326";="North Jacinthemouth";="Nevada";="11296698";="Ethiopia";="379336791026231";="07/28";="Microfone Condensador Resistente";="3565.28";="Um excelente microfone condensador resistente da categoria Casa Inteligente, ideal para suas necessidades.";="68";="Casa Inteligente";="Descricao para a categoria Casa Inteligente";="O Impacto Cultural de Universo Marvel";="Este e um artigo sobre O Impacto Cultural de Universo Marvel. O foco principal e em Universo Marvel no campo da Cultura Pop.";="Lee Dare";="2025-08-29T21:03:41.200Z";"=""7a786df9-09b3-43f0-8955-26289c7a52c8""";"=""Cadastrado com sucesso"""
="Fred";="Grimes";="Fred Grimes";="fred.grimes";="grimes.fred@ig.com.br";="GriFr71";="true";="80905704371";="17868830289";="Fred Grimes LTDA";="23262149000144";="Wilmer Coves";="995";="South Abner";="Alaska";="31587814";="Guam";="4024007178989611";="07/27";="Processador Compacto";="2731.43";="Um excelente processador compacto da categoria Fotografia, ideal para suas necessidades.";="89";="Fotografia";="Descricao para a categoria Fotografia";="10 Dicas para Melhorar sua Saude Mental";="Introducao ao topico 10 Dicas para Melhorar sua Saude Mental. Discutimos os conceitos basicos de Saude Mental aplicados a Saude e Bem-Estar.";="Fred Grimes";="2025-08-29T21:03:42.262Z";"=""bd05bafd-6f21-4c6d-bc4b-ab0d8ea633d2""";"=""Cadastrado com sucesso"""
="Isabell";="Gleichner";="Isabell Gleichner";="isabell.gleichner";="gleichner.isabell@icloud.com";="GleIs74";="true";="60188700374";="12604048041";="Isabell Gleichner LTDA";="12153147000109";="Nader Street";="329";="New Gwendolynshire";="Massachusetts";="32352781";="Turks and Caicos Islands";="4485430437768877";="12/26";="Notebook Veloz";="194.59";="Um excelente notebook veloz da categoria Dispositivos Moveis, ideal para suas necessidades.";="27";="Dispositivos Moveis";="Descricao para a categoria Dispositivos Moveis";="O que Fazer em Patagonia";="Introducao ao topico O que Fazer em Patagonia. Discutimos os conceitos basicos de Patagonia aplicados a Viagens e Turismo.";="Isabell Gleichner";="2025-08-29T21:03:43.246Z";"=""9a3366fe-6eb6-486b-90a9-15d5d08373d9""";"=""Cadastrado com sucesso"""
="Clotilde";="Romaguera";="Clotilde Romaguera";="clotilde.romaguera";="romaguera.clotilde@fastmail.com";="RomCl83";="true";="01752327683";="15416353869";="Clotilde Romaguera LTDA";="91112409000155";="Hudson Locks";="72654";="East Robinmouth";="South Carolina";="04626603";="Austria";="2447832832967015";="12/27";="Mouse Gamer Compacto";="1955.06";="Um excelente mouse gamer compacto da categoria Redes e Conectividade, ideal para suas necessidades.";="56";="Redes e Conectividade";="Descricao para a categoria Redes e Conectividade";="O Papel da STEAM";="Este e um artigo sobre O Papel da STEAM. O foco principal e em STEAM no campo da Educacao.";="Clotilde Romaguera";="2025-08-29T21:03:44.281Z";"=""d4930b88-e2c8-4bcf-b790-26449a761ab3""";"=""Cadastrado com sucesso"""
="Lesley";="O Keefe";="Lesley O Keefe";="lesley.okeefe";="okeefe.lesley@fastmail.com";="KeeLe55";="true";="30983391955";="16198132374";="Lesley O Keefe LTDA";="61383992000178";="Fritsch Burgs";="33103";="Fredrickville";="Mississippi";="38614238";="Swaziland";="2221872372825803";="10/25";="Mesa Digitalizadora Moderno";="4795.19";="Um excelente mesa digitalizadora moderno da categoria Acessorios, ideal para suas necessidades.";="8";="Acessorios";="Descricao para a categoria Acessorios";="Como Revolucao Industrial Mudou a Historia";="Este e um artigo sobre Como Revolucao Industrial Mudou a Historia. O foco principal e em Revolucao Industrial no campo da Historia.";="Lesley O Keefe";="2025-08-29T21:03:45.264Z";"=""60177d82-e8b0-4d6e-b430-b3c45ef572cf""";"=""Cadastrado com sucesso"""
="Helene";="Cartwright";="Helene Cartwright";="helene.cartwright";="cartwright.helene@ig.com.br";="CarHe51";="true";="97750804951";="12205345717";="Helene Cartwright LTDA";="35974233000170";="Bahringer Courts";="934";="Swaniawskibury";="Florida";="15236210";="Saint Lucia";="6011381169356761";="02/28";="Impressora 3D Resistente";="4028.86";="Um excelente impressora 3d resistente da categoria Fotografia, ideal para suas necessidades.";="53";="Fotografia";="Descricao para a categoria Fotografia";="A Historia da Comida Vegana";="Uma analise sobre o tema A Historia da Comida Vegana. Exploramos a relevancia de Comida Vegana para a area de Gastronomia e Culinaria.";="Helene Cartwright";="2025-08-29T21:03:46.227Z";"=""64f35193-c4fb-43c1-939f-0b3251111e39""";"=""Cadastrado com sucesso"""
="Alysha";="O Connell";="Alysha O Connell";="alysha.oconnell";="oconnell.alysha@hotmail.com";="ConAl50";="true";="52090550350";="13325416713";="Alysha O Connell LTDA";="73692147000163";="Crona Trace";="9556";="McDermottside";="Kansas";="80898240";="Turkmenistan";="4716319632733060";="01/27";="Console de Videogame Resistente";="4354.87";="Um excelente console de videogame resistente da categoria Informatica, ideal para suas necessidades.";="11";="Informatica";="Descricao para a categoria Informatica";="O Legado do Antigo Egito na Sociedade";="Uma analise sobre o tema O Legado do Antigo Egito na Sociedade. Exploramos a relevancia de Antigo Egito para a area de Historia.";="Alysha O Connell";="2025-08-29T21:03:47.216Z";"=""9e278142-b085-4596-bdd3-01579aa12d1d""";"=""Cadastrado com sucesso"""
="Esperanza";="Price";="Esperanza Price";="esperanza.price";="price.esperanza@hotmail.com";="PriEs75";="true";="76513195675";="15414426389";="Esperanza Price LTDA";="66142557000175";="Maggio Island";="8979";="Hilarioberg";="Hawaii";="07259354";="Syrian Arab Republic";="4539041105808238";="09/25";="Teclado Mecanico Sustentavel";="1512.75";="Um excelente teclado mecanico sustentavel da categoria Eletronicos, ideal para suas necessidades.";="65";="Eletronicos";="Descricao para a categoria Eletronicos";="Porque Series de TV Continua Relevante";="Introducao ao topico Porque Series de TV Continua Relevante. Discutimos os conceitos basicos de Series de TV aplicados a Cultura Pop.";="Esperanza Price";="2025-08-29T21:03:48.293Z";"=""169fcf16-a676-4489-931d-e63f9c1ae41a""";"=""Cadastrado com sucesso"""
="Alvina";="Keebler";="Alvina Keebler";="alvina.keebler";="keebler.alvina@hotmail.com";="KeeAl63";="true";="07876948863";="15805317017";="Alvina Keebler LTDA";="00076687000149";="Zakary Place";="80820";="New Roseland";="Wyoming";="84100334";="United Arab Emirates";="4268094490057322";="06/26";="Gabinete ATX Essencial";="3442.08";="Um excelente gabinete atx essencial da categoria Componentes, ideal para suas necessidades.";="24";="Componentes";="Descricao para a categoria Componentes";="Como Guerra Fria Mudou a Historia";="Uma analise sobre o tema Como Guerra Fria Mudou a Historia. Exploramos a relevancia de Guerra Fria para a area de Historia.";="Alvina Keebler";="2025-08-29T21:03:49.263Z";"=""2bd6a591-194a-4bec-b353-e913164b6707""";"=""Cadastrado com sucesso"""
="Ted";="Gerhold";="Ted Gerhold";="ted.gerhold";="gerhold.ted@yandex.com";="GerTe04";="true";="74432165804";="13858673258";="Ted Gerhold LTDA";="11801001000151";="Tessie Orchard";="2978";="North Eladioburgh";="Florida";="32462786";="Liechtenstein";="2221759645971847";="02/27";="Smart TV 8K Conectado";="4001.68";="Um excelente smart tv 8k conectado da categoria Redes e Conectividade, ideal para suas necessidades.";="20";="Redes e Conectividade";="Descricao para a categoria Redes e Conectividade";="Como Inteligencia Artificial Esta Moldando o Mundo";="Uma analise sobre o tema Como Inteligencia Artificial Esta Moldando o Mundo. Exploramos a relevancia de Inteligencia Artificial para a area de Tecnologia.";="Ted Gerhold";="2025-08-29T21:03:50.231Z";"=""12ff74c2-0fcf-4353-a369-0c0a2886c411""";"=""Cadastrado com sucesso"""
="Anita";="Kris";="Anita Kris";="anita.kris";="kris.anita@gmail.com";="KriAn60";="true";="87756114060";="15757954224";="Anita Kris LTDA";="71573047000192";="Roma Land";="732";="Marysemouth";="Connecticut";="95524866";="Niue";="4977833169758039";="02/27";="Oculos de Realidade Virtual Versatil";="2742.10";="Um excelente oculos de realidade virtual versatil da categoria Games, ideal para suas necessidades.";="89";="Games";="Descricao para a categoria Games";="Analise Profunda de Industria dos Games";="Este e um artigo sobre Analise Profunda de Industria dos Games. O foco principal e em Industria dos Games no campo da Cultura Pop.";="Anita Kris";="2025-08-29T21:03:51.185Z";"=""003a5717-512d-48c9-bb2b-da88adb097ee""";"=""Cadastrado com sucesso"""
="Jedediah";="Gislason";="Jedediah Gislason";="jedediah.gislason";="gislason.jedediah@uol.com.br";="GisJe51";="true";="19533027851";="14044617525";="Jedediah Gislason LTDA";="29787222000188";="Isabelle Lakes";="967";="Larsonburgh";="West Virginia";="46732101";="Bahrain";="2670869624677871";="06/27";="Mouse Gamer Compacto";="651.86";="Um excelente mouse gamer compacto da categoria Impressao, ideal para suas necessidades.";="29";="Impressao";="Descricao para a categoria Impressao";="Como Investir em Criptomoedas";="Uma analise sobre o tema Como Investir em Criptomoedas. Exploramos a relevancia de Criptomoedas para a area de Financas e Investimentos.";="Jedediah Gislason";="2025-08-29T21:03:52.153Z";"=""6bc7c404-0402-42b7-9f23-bdd8b9db2e89""";"=""Cadastrado com sucesso"""
="Aubree";="Hills";="Aubree Hills";="aubree.hills";="hills.aubree@me.com";="HilAu06";="true";="72249289506";="17856183126";="Aubree Hills LTDA";="88396837000142";="Tiara Estates";="69745";="North Krystina";="Iowa";="90260084";="Uganda";="2673364086762632";="08/28";="Placa de Video Veloz";="3540.27";="Um excelente placa de video veloz da categoria Perifericos, ideal para suas necessidades.";="60";="Perifericos";="Descricao para a categoria Perifericos";="Roteiro Inesquecivel por Patagonia";="Introducao ao topico Roteiro Inesquecivel por Patagonia. Discutimos os conceitos basicos de Patagonia aplicados a Viagens e Turismo.";="Aubree Hills";="2025-08-29T21:03:53.137Z";"=""e682bbe0-b2a0-476f-9698-4f54b54065db""";"=""Cadastrado com sucesso"""
="Bernardo";="Runolfsdottir";="Bernardo Runolfsdottir";="bernardo.runolfsdottir";="runolfsdottir.bernardo@uol.com.br";="RunBe80";="true";="29320485380";="14695491774";="Bernardo Runolfsdottir LTDA";="83840760000134";="Gislason Forge";="490";="Sashatown";="Illinois";="64326473";="Colombia";="2614100765902012";="11/27";="Power Bank Essencial";="414.51";="Um excelente power bank essencial da categoria Redes e Conectividade, ideal para suas necessidades.";="15";="Redes e Conectividade";="Descricao para a categoria Redes e Conectividade";="A Incrivel Jornada ate Nebulosas";="Uma analise sobre o tema A Incrivel Jornada ate Nebulosas. Exploramos a relevancia de Nebulosas para a area de Universo e Astronomia.";="Bernardo Runolfsdottir";="2025-08-29T21:03:54.122Z";"=""c5c53b54-5139-4324-9baf-32530b332fb7""";"=""Cadastrado com sucesso"""